venue_name,venue_type,city,state,lat,lng,operator,start_date,start_precision,end_date,end_precision,end_status,exit_mode,source,notes,extras,tenure_id,venue_id,operator_normalized,derived_from,known_through,render_end_year,render_end_basis,end_inferred_from,needs_review,review_reasons
An Bhialann,other,,,,,Sodexo,,,,,unknown,,|The Daily Mirror; London (UK) | 2016-11-03,,"{""needs_review"": true, ""review_reasons"": [""1 undated event(s) could not be placed on the timeline"", ""start_date unknown"", ""venue never matched the spine \u2014 not mappable""], ""known_through"": null, ""event_count"": 1}",sp-c8eb0aef90,,Sodexo,ev_7ed47775d4e71816,,,evidence stops here; the end is unknown,,True,1 undated event(s) could not be placed on the timeline; start_date unknown; venue never matched the spine — not mappable
Barnard Store,other,,,,,Aramark,,,2016-05-01,month,ended,lost_bid,|University Wire; Carlsbad | 2016-10-06,,"{""needs_review"": true, ""review_reasons"": [""run ends with no award ever reported \u2014 start unknown"", ""start_date unknown"", ""overlaps another operator at this venue (prime vs sub-contract, or a bad pairing)"", ""venue never matched the spine \u2014 not mappable""], ""known_through"": ""2016-05-01"", ""overlaps_with"": [""Barnard""], ""event_count"": 1}",sp-aabde55cd8,,Aramark,ev_9312d1e68a008296 ev_b411eb07a4a307b2,2016-05-01,2016,reported end,,True,"run ends with no award ever reported — start unknown; start_date unknown; overlaps another operator at this venue (prime vs sub-contract, or a bad pairing); venue never matched the spine — not mappable"
Barnard Store,other,,,,,Barnard,,,2016-05-01,month,ended,self_op_conversion,|University Wire; Carlsbad | 2016-10-06,,"{""needs_review"": true, ""review_reasons"": [""run ends with no award ever reported \u2014 start unknown"", ""start_date unknown"", ""overlaps another operator at this venue (prime vs sub-contract, or a bad pairing)"", ""venue never matched the spine \u2014 not mappable""], ""known_through"": ""2016-05-01"", ""overlaps_with"": [""Aramark""], ""event_count"": 1}",sp-9221ba4d94,,Barnard,ev_115d769ac117964a ev_9daa46dd3ed4d323,2016-05-01,2016,reported end,,True,"run ends with no award ever reported — start unknown; start_date unknown; overlaps another operator at this venue (prime vs sub-contract, or a bad pairing); venue never matched the spine — not mappable"
Bartlett Dining Hall,other,,,,,Aramark,,,2016-07-01,exact,ended,lost_bid,|University Wire; Carlsbad | 2016-09-16,,"{""needs_review"": true, ""review_reasons"": [""run ends with no award ever reported \u2014 start unknown"", ""start_date unknown"", ""venue never matched the spine \u2014 not mappable""], ""known_through"": ""2016-07-01"", ""event_count"": 1}",sp-8f58456704,,Aramark,ev_c03f638e8b8b1b84,2016-07-01,2016,reported end,,True,run ends with no award ever reported — start unknown; start_date unknown; venue never matched the spine — not mappable
Bartlett Dining Hall,other,,,,,Compass,2016-07-01,exact,,,unknown,,|University Wire; Carlsbad | 2016-09-16,,"{""needs_review"": true, ""review_reasons"": [""venue never matched the spine \u2014 not mappable""], ""known_through"": ""2016-07-01"", ""event_count"": 1, ""sub_brands"": [""bon appetit""]}",sp-b9bf93696b,,Compass,ev_f2f8e0bbaf01a767,2016-07-01,2016,evidence stops here; the end is unknown,,True,venue never matched the spine — not mappable
Brandeis,other,,,,,Aramark,,,2013-01-01,year,ended,lost_bid,|University Wire; Carlsbad | 2016-11-14,,"{""needs_review"": true, ""review_reasons"": [""run ends with no award ever reported \u2014 start unknown"", ""start_date unknown"", ""venue never matched the spine \u2014 not mappable""], ""known_through"": ""2013-01-01"", ""event_count"": 1}",sp-75759012f0,,Aramark,ev_c77ab15efced105c,2013-01-01,2013,reported end,,True,run ends with no award ever reported — start unknown; start_date unknown; venue never matched the spine — not mappable
Brandeis,other,,,,,Sodexo,2013-01-01,year,,,unknown,,|University Wire; Carlsbad | 2016-11-14,,"{""needs_review"": true, ""review_reasons"": [""venue never matched the spine \u2014 not mappable""], ""known_through"": ""2013-01-01"", ""event_count"": 1}",sp-de10f3e022,,Sodexo,ev_4491deab17382d16,2013-01-01,2013,evidence stops here; the end is unknown,,True,venue never matched the spine — not mappable
Charles Egeler Reception and Guidance Center,other,,,,,Trinity Services Group,,,,,unknown,,"|Detroit Free Press (1923-), General edition; Detroit | 2016-09-09",,"{""needs_review"": true, ""review_reasons"": [""presence only (violation) \u2014 operator was here, but no award was reported"", ""start_date unknown"", ""venue never matched the spine \u2014 not mappable""], ""known_through"": ""2016-09-06"", ""event_count"": 1}",sp-25d8d56851,,Trinity Services Group,ev_385b345d4e5ea75c,2016-09-06,2016,evidence stops here; the end is unknown,,True,"presence only (violation) — operator was here, but no award was reported; start_date unknown; venue never matched the spine — not mappable"
Clemson,other,,,,,Aramark,1969-01-01,year,,,unknown,,|Food Management; Cleveland | 2016-12-01,,"{""needs_review"": true, ""review_reasons"": [""venue never matched the spine \u2014 not mappable""], ""known_through"": ""2016-01-01"", ""event_count"": 2, ""sub_brands"": [""Fresh Food Company""]}",sp-3a13a82a20,,Aramark,ev_e6ffa84cb1155276 ev_84ef7e515261dada,2016-01-01,2016,evidence stops here; the end is unknown,,True,venue never matched the spine — not mappable
Cotton Correctional Facility,other,,,,,Aramark Correctional Services,,,2015-09-01,month,ended,lost_bid,"|Lansing State Journal (1980-); Lansing, Michigan | 2016-09-07",,"{""needs_review"": true, ""review_reasons"": [""run ends with no award ever reported \u2014 start unknown"", ""start_date unknown"", ""venue never matched the spine \u2014 not mappable""], ""known_through"": ""2015-09-01"", ""event_count"": 1, ""sub_brands"": [""Aramark Correctional Services""]}",sp-cee73f1eeb,,Aramark Correctional Services,ev_c9f4c254ef9ba6d2,2015-09-01,2015,reported end,,True,run ends with no award ever reported — start unknown; start_date unknown; venue never matched the spine — not mappable
Cotton Correctional Facility,other,,,,,Trinity Food Services,2015-09-01,month,,,unknown,,"|Lansing State Journal (1980-); Lansing, Michigan | 2016-09-07; |Detroit Free Press; Detroit, Mich. | 2016-09-07; |Lansing State Journal; Lansing, Mich. | 2016-09-07",,"{""needs_review"": true, ""review_reasons"": [""venue never matched the spine \u2014 not mappable""], ""known_through"": ""2016-09-01"", ""event_count"": 2}",sp-7e1ed4c8b1,,Trinity Food Services,ev_a74ebb5cdd71aa57 ev_5b17059ccc583b50 ev_a36bf206a66e4483 ev_c29721371ec3ee5d,2016-09-01,2016,evidence stops here; the end is unknown,,True,venue never matched the spine — not mappable
David Ross Sports Village,other,,,,,Sodexo,2016-11-01,month,,,unknown,,|Nottingham Evening Post; Nottingham (UK) | 2016-11-08,,"{""needs_review"": true, ""review_reasons"": [""venue never matched the spine \u2014 not mappable""], ""known_through"": ""2016-11-01"", ""event_count"": 1}",sp-53ceb594d2,,Sodexo,ev_6b08126afa853bbc,2016-11-01,2016,evidence stops here; the end is unknown,,True,venue never matched the spine — not mappable
El Paso County Criminal Justice Center,other,,,,,Aramark Correctional Services LLC,,,2016-08-31,exact,ended,lost_bid,|Colorado Springs Independent; Colorado Springs | 2017-02-07,,"{""needs_review"": true, ""review_reasons"": [""run ends with no award ever reported \u2014 start unknown"", ""start_date unknown"", ""venue never matched the spine \u2014 not mappable""], ""known_through"": ""2016-08-31"", ""event_count"": 1}",sp-423dc621d5,,Aramark Correctional Services LLC,ev_081648386db6d225,2016-08-31,2016,reported end,,True,run ends with no award ever reported — start unknown; start_date unknown; venue never matched the spine — not mappable
El Paso County Criminal Justice Center,other,,,,,Trinity Services Group,2016-09-01,month,,,unknown,,|Colorado Springs Independent; Colorado Springs | 2017-02-07,,"{""needs_review"": true, ""review_reasons"": [""venue never matched the spine \u2014 not mappable""], ""known_through"": ""2016-09-01"", ""event_count"": 1}",sp-11146b558f,,Trinity Services Group,ev_8c55b6dc2f6bc177,2016-09-01,2016,evidence stops here; the end is unknown,,True,venue never matched the spine — not mappable
El Paso County jail,other,,,,,Aramark Correctional Services,2016-11-22,approx,,,unknown,,"|El Paso Times (1921-); El Paso, Texas | 2016-11-22",,"{""needs_review"": true, ""review_reasons"": [""venue never matched the spine \u2014 not mappable""], ""known_through"": ""2016-11-22"", ""event_count"": 1}",sp-ccc7becec3,,Aramark Correctional Services,ev_59473e631b20be42,2016-11-22,2016,evidence stops here; the end is unknown,,True,venue never matched the spine — not mappable
FGCU,other,,,,,Aramark,,,,,unknown,,"|The News Press; Fort Myers, Fla. | 2016-08-17; |Fort Myers News-Press (1931-); Fort Myers, Florida | 2016-08-17",,"{""needs_review"": true, ""review_reasons"": [""2 undated event(s) could not be placed on the timeline"", ""start_date unknown"", ""venue never matched the spine \u2014 not mappable""], ""known_through"": null, ""event_count"": 2}",sp-4b8ea03742,,Aramark,ev_1ce7bd4d51695bb7 ev_1fd54b0ad22e696b,,,evidence stops here; the end is unknown,,True,2 undated event(s) could not be placed on the timeline; start_date unknown; venue never matched the spine — not mappable
FGCU,other,,,,,Compass,,,,,unknown,,"|The News Press; Fort Myers, Fla. | 2016-08-17; |Fort Myers News-Press (1931-); Fort Myers, Florida | 2016-08-17",,"{""needs_review"": true, ""review_reasons"": [""2 undated event(s) could not be placed on the timeline"", ""start_date unknown"", ""venue never matched the spine \u2014 not mappable""], ""known_through"": null, ""event_count"": 2, ""sub_brands"": [""Chartwells""]}",sp-0f3163fcef,,Compass,ev_ba3582e42d4248f2 ev_75dc376256868b77,,,evidence stops here; the end is unknown,,True,2 undated event(s) could not be placed on the timeline; start_date unknown; venue never matched the spine — not mappable
FSU,other,,,,,Aramark Food Services,,,2018-07-01,month,ended,other,"|Tallahassee Democrat; Tallahassee, Fla. | 2016-12-12",contract expired; no cause reported,"{""needs_review"": true, ""review_reasons"": [""run ends with no award ever reported \u2014 start unknown"", ""start_date unknown"", ""venue never matched the spine \u2014 not mappable""], ""known_through"": ""2018-07-01"", ""event_count"": 1}",sp-bc45b6dc9c,,Aramark Food Services,ev_c31a24d22eb0cda2,2018-07-01,2018,reported end,,True,run ends with no award ever reported — start unknown; start_date unknown; venue never matched the spine — not mappable
Georgetown,other,,,,,Aramark,,,,,unknown,,|University Wire; Carlsbad | 2016-11-04,,"{""needs_review"": true, ""review_reasons"": [""renewal with no award ever reported \u2014 start unknown"", ""start_date unknown"", ""venue never matched the spine \u2014 not mappable""], ""known_through"": ""2016-11-01"", ""event_count"": 1}",sp-4dec4c4ff7,,Aramark,ev_716d2f043253c1d4,2016-11-01,2016,evidence stops here; the end is unknown,,True,renewal with no award ever reported — start unknown; start_date unknown; venue never matched the spine — not mappable
Georgetown University,other,,,,,Aramark,,,,,unknown,,|University Wire; Carlsbad | 2016-11-04,,"{""needs_review"": true, ""review_reasons"": [""renewal with no award ever reported \u2014 start unknown"", ""start_date unknown"", ""venue never matched the spine \u2014 not mappable""], ""known_through"": ""2016-11-01"", ""event_count"": 1}",sp-8a22a8f700,,Aramark,ev_6f1ae27c0718d04f,2016-11-01,2016,evidence stops here; the end is unknown,,True,renewal with no award ever reported — start unknown; start_date unknown; venue never matched the spine — not mappable
Harvard,other,,,,,Harvard University Dining Services,,,,,unknown,,|University Wire; Carlsbad | 2016-10-26,,"{""needs_review"": true, ""review_reasons"": [""presence only (strike) \u2014 operator was here, but no award was reported"", ""start_date unknown"", ""venue never matched the spine \u2014 not mappable""], ""known_through"": ""2016-10-01"", ""event_count"": 1}",sp-15f0ba88cc,,Harvard University Dining Services,ev_f25f370c0ad0be83,2016-10-01,2016,evidence stops here; the end is unknown,,True,"presence only (strike) — operator was here, but no award was reported; start_date unknown; venue never matched the spine — not mappable"
Huron Lodge,other,,,,,Aramark,,,,,unknown,,"|Windsor Star (1959-); Windsor, Ontario | 2017-01-18",,"{""needs_review"": true, ""review_reasons"": [""1 undated event(s) could not be placed on the timeline"", ""start_date unknown"", ""venue never matched the spine \u2014 not mappable""], ""known_through"": null, ""event_count"": 1}",sp-9d2c03dd3b,,Aramark,ev_87fdec05e74e1af7,,,evidence stops here; the end is unknown,,True,1 undated event(s) could not be placed on the timeline; start_date unknown; venue never matched the spine — not mappable
ICA,other,,,,,Sodexo,,,,,unknown,,|London Evening Standard (2011-2018); London (UK) | 2016-10-19,,"{""needs_review"": true, ""review_reasons"": [""1 undated event(s) could not be placed on the timeline"", ""start_date unknown"", ""venue never matched the spine \u2014 not mappable""], ""known_through"": null, ""event_count"": 1}",sp-9a51aea640,,Sodexo,ev_8d6f334a3ff5a29b,,,evidence stops here; the end is unknown,,True,1 undated event(s) could not be placed on the timeline; start_date unknown; venue never matched the spine — not mappable
Ionia Correctional Facility,other,,,,,Trinity Food Services,,,,,unknown,,"|Lansing State Journal; Lansing, Mich. | 2016-09-07",,"{""needs_review"": true, ""review_reasons"": [""presence only (violation) \u2014 operator was here, but no award was reported"", ""start_date unknown"", ""venue never matched the spine \u2014 not mappable""], ""known_through"": ""2016-05-01"", ""event_count"": 1}",sp-608ca00da2,,Trinity Food Services,ev_f8fc477c2be54fd8,2016-05-01,2016,evidence stops here; the end is unknown,,True,"presence only (violation) — operator was here, but no award was reported; start_date unknown; venue never matched the spine — not mappable"
JMU Dining Services,other,,,,,Aramark,2000-01-01,year,,,unknown,,|University Wire; Carlsbad | 2016-11-03; |University Wire; Carlsbad | 2016-11-02,,"{""needs_review"": true, ""review_reasons"": [""venue never matched the spine \u2014 not mappable""], ""known_through"": ""2000-01-01"", ""event_count"": 1}",sp-352ca57ab4,,Aramark,ev_2f99897144dd3225 ev_90e55ec5b3e27f06,2000-01-01,2000,evidence stops here; the end is unknown,,True,venue never matched the spine — not mappable
Lafayette General Health,other,,,,,Aramark,,,2016-12-12,exact,ended,self_op_conversion,"|The Daily Advertiser; Lafayette, La. | 2016-10-11",,"{""needs_review"": true, ""review_reasons"": [""run ends with no award ever reported \u2014 start unknown"", ""start_date unknown"", ""venue never matched the spine \u2014 not mappable""], ""known_through"": ""2016-12-12"", ""event_count"": 1}",sp-162fa874a2,,Aramark,ev_1a353a09bbc49880 ev_c04c572b01cf2d49,2016-12-12,2016,reported end,,True,run ends with no award ever reported — start unknown; start_date unknown; venue never matched the spine — not mappable
Lafayette General Medical Center,other,,,,,Aramark Healthcare Services,,,2016-12-12,exact,ended,lost_bid,"|The Daily Advertiser; Lafayette, La. | 2016-10-15",,"{""needs_review"": true, ""review_reasons"": [""run ends with no award ever reported \u2014 start unknown"", ""start_date unknown"", ""overlaps another operator at this venue (prime vs sub-contract, or a bad pairing)"", ""venue never matched the spine \u2014 not mappable""], ""known_through"": ""2016-12-12"", ""overlaps_with"": [""Lafayette General Medical Center""], ""event_count"": 1}",sp-6683442c97,,Aramark Healthcare Services,ev_972e3d50f5b5c142,2016-12-12,2016,reported end,,True,"run ends with no award ever reported — start unknown; start_date unknown; overlaps another operator at this venue (prime vs sub-contract, or a bad pairing); venue never matched the spine — not mappable"
Lafayette General Medical Center,other,,,,,Lafayette General Medical Center,,,2016-12-12,exact,ended,self_op_conversion,"|The Daily Advertiser; Lafayette, La. | 2016-10-15",,"{""needs_review"": true, ""review_reasons"": [""run ends with no award ever reported \u2014 start unknown"", ""start_date unknown"", ""overlaps another operator at this venue (prime vs sub-contract, or a bad pairing)"", ""venue never matched the spine \u2014 not mappable""], ""known_through"": ""2016-12-12"", ""overlaps_with"": [""Aramark Healthcare Services""], ""event_count"": 1}",sp-abdeccb848,,Lafayette General Medical Center,ev_359cdd6828afe3ce,2016-12-12,2016,reported end,,True,"run ends with no award ever reported — start unknown; start_date unknown; overlaps another operator at this venue (prime vs sub-contract, or a bad pairing); venue never matched the spine — not mappable"
Lafayette Medical Center,other,,,,,Aramark Healthcare Services,,,2016-12-12,exact,ended,other,"|US Fed News Service, Including US State News; Washington, D.C. | 2016-10-15",contract expired; no cause reported,"{""needs_review"": true, ""review_reasons"": [""run ends with no award ever reported \u2014 start unknown"", ""start_date unknown"", ""venue never matched the spine \u2014 not mappable""], ""known_through"": ""2016-12-12"", ""event_count"": 1}",sp-7ab5699f8b,,Aramark Healthcare Services,ev_419a3fbf2ca42545,2016-12-12,2016,reported end,,True,run ends with no award ever reported — start unknown; start_date unknown; venue never matched the spine — not mappable
Leo O'Donovan dining hall,other,,,,,Aramark,,,,,unknown,,|University Wire; Carlsbad | 2016-12-12,,"{""needs_review"": true, ""review_reasons"": [""renewal with no award ever reported \u2014 start unknown"", ""1 undated event(s) could not be placed on the timeline"", ""start_date unknown"", ""venue never matched the spine \u2014 not mappable""], ""known_through"": ""2017-01-01"", ""event_count"": 2}",sp-b42e58d358,,Aramark,ev_c045149db3a8ed89 ev_837d0b24b8c555f1,2017-01-01,2017,evidence stops here; the end is unknown,,True,renewal with no award ever reported — start unknown; 1 undated event(s) could not be placed on the timeline; start_date unknown; venue never matched the spine — not mappable
Leo's,other,,,,,Aramark,2016-11-01,exact,,,unknown,,|University Wire; Carlsbad | 2016-11-08,,"{""needs_review"": true, ""review_reasons"": [""venue never matched the spine \u2014 not mappable""], ""known_through"": ""2016-11-01"", ""event_count"": 1}",sp-c6fac648f1,,Aramark,ev_e84274ac3f11ecd3,2016-11-01,2016,evidence stops here; the end is unknown,,True,venue never matched the spine — not mappable
Mayo Clinic,other,,,,,Compass,,,,,unknown,,"|Post - Bulletin; Rochester, Minn. | 2016-08-31; |Post - Bulletin; Rochester, Minn. | 2016-08-20",,"{""needs_review"": true, ""review_reasons"": [""3 undated event(s) could not be placed on the timeline"", ""start_date unknown"", ""venue never matched the spine \u2014 not mappable""], ""known_through"": null, ""event_count"": 3, ""sub_brands"": [""Morrison Healthcare""]}",sp-7a2a8b0198,,Compass,ev_56c9d453881a20b6 ev_794d41d516f56041 ev_dd4b22dc7230a57a,,,evidence stops here; the end is unknown,,True,3 undated event(s) could not be placed on the timeline; start_date unknown; venue never matched the spine — not mappable
Mayo Clinic,other,,,,,Sodexo,,,,,unknown,,"|Post - Bulletin; Rochester, Minn. | 2016-08-31; |Post - Bulletin; Rochester, Minn. | 2016-08-20",,"{""needs_review"": true, ""review_reasons"": [""3 undated event(s) could not be placed on the timeline"", ""start_date unknown"", ""venue never matched the spine \u2014 not mappable""], ""known_through"": null, ""event_count"": 3}",sp-7e50ce51b9,,Sodexo,ev_2b58fac4742e2720 ev_338471573249b08c ev_c2304a899c3b08f2,,,evidence stops here; the end is unknown,,True,3 undated event(s) could not be placed on the timeline; start_date unknown; venue never matched the spine — not mappable
MDOC facilities,other,,,,,Aramark,,,2015-01-01,year,ended,lost_bid,|The Tennessean (1972-); Nashville | 2016-08-08,,"{""needs_review"": true, ""review_reasons"": [""run ends with no award ever reported \u2014 start unknown"", ""start_date unknown"", ""venue never matched the spine \u2014 not mappable""], ""known_through"": ""2015-01-01"", ""event_count"": 1}",sp-9c6565cd36,,Aramark,ev_a3d71eba3519a8d3,2015-01-01,2015,reported end,,True,run ends with no award ever reported — start unknown; start_date unknown; venue never matched the spine — not mappable
Michigan,other,,,,,Aramark Correctional Services,,,,,unknown,,"|Kennebec Journal; Augusta, Me. | 2016-10-25; |Morning Sentinel; Waterville, Me. | 2016-10-25",,"{""needs_review"": true, ""review_reasons"": [""2 undated event(s) could not be placed on the timeline"", ""start_date unknown"", ""venue never matched the spine \u2014 not mappable""], ""known_through"": null, ""event_count"": 2}",sp-77c80aed1b,,Aramark Correctional Services,ev_0846e9280e833e5a ev_a2fe2aa2e307ca2c,,,evidence stops here; the end is unknown,,True,2 undated event(s) could not be placed on the timeline; start_date unknown; venue never matched the spine — not mappable
Michigan Department of Corrections,other,,,,,Aramark,,,2015-01-01,year,ended,other,"|The Daily News Journal; Murfreesboro, Tenn. | 2016-08-08",contract expired; no cause reported,"{""needs_review"": true, ""review_reasons"": [""run ends with no award ever reported \u2014 start unknown"", ""start_date unknown"", ""overlaps another operator at this venue (prime vs sub-contract, or a bad pairing)"", ""venue never matched the spine \u2014 not mappable""], ""known_through"": ""2015-01-01"", ""overlaps_with"": [""Aramark Correctional Services""], ""event_count"": 1}",sp-f2a4e6e182,,Aramark,ev_e0f052ff96215591,2015-01-01,2015,reported end,,True,"run ends with no award ever reported — start unknown; start_date unknown; overlaps another operator at this venue (prime vs sub-contract, or a bad pairing); venue never matched the spine — not mappable"
Michigan Department of Corrections,other,,,,,Aramark,,,2015-01-01,year,ended,lost_bid,"|The Tennessean; Nashville, Tenn. | 2016-08-08; |News Sentinel; Knoxville, Tenn. | 2016-08-05",,"{""needs_review"": true, ""review_reasons"": [""run ends with no award ever reported \u2014 start unknown"", ""start_date unknown"", ""overlaps another operator at this venue (prime vs sub-contract, or a bad pairing)"", ""venue never matched the spine \u2014 not mappable""], ""known_through"": ""2015-01-01"", ""overlaps_with"": [""Aramark Correctional Services""], ""event_count"": 1}",sp-81701bee59,,Aramark,ev_2bc9eb9a44038b70 ev_8919c20ab2a949d0,2015-01-01,2015,reported end,,True,"run ends with no award ever reported — start unknown; start_date unknown; overlaps another operator at this venue (prime vs sub-contract, or a bad pairing); venue never matched the spine — not mappable"
Michigan Department of Corrections,other,,,,,Aramark Correctional Services,,,2015-09-01,month,ended,other,|Crain's Detroit Business; Detroit | 2017-01-30,contract expired; no cause reported,"{""needs_review"": true, ""review_reasons"": [""run ends with no award ever reported \u2014 start unknown"", ""start_date unknown"", ""overlaps another operator at this venue (prime vs sub-contract, or a bad pairing)"", ""venue never matched the spine \u2014 not mappable""], ""known_through"": ""2015-09-01"", ""overlaps_with"": [""Aramark""], ""event_count"": 1, ""sub_brands"": [""Aramark Correctional Services""]}",sp-3d1fe964b9,,Aramark Correctional Services,ev_703d633fc8161141,2015-09-01,2015,reported end,,True,"run ends with no award ever reported — start unknown; start_date unknown; overlaps another operator at this venue (prime vs sub-contract, or a bad pairing); venue never matched the spine — not mappable"
Michigan Department of Corrections,other,,,,,Trinity Services Group,2015-09-01,month,,,unknown,,|Crain's Detroit Business; Detroit | 2017-01-30,,"{""needs_review"": true, ""review_reasons"": [""1 undated event(s) could not be placed on the timeline"", ""venue never matched the spine \u2014 not mappable""], ""known_through"": ""2015-09-01"", ""event_count"": 2}",sp-a94ad7a317,,Trinity Services Group,ev_381cdc07c31d6d85 ev_cd58e0f13974709c,2015-09-01,2015,evidence stops here; the end is unknown,,True,1 undated event(s) could not be placed on the timeline; venue never matched the spine — not mappable
Michigan prison food service,other,,,,,Aramark Correctional Services,,,2015-09-01,month,ended,lost_bid,"|Detroit Free Press; Detroit, Mich. | 2016-09-07",,"{""needs_review"": true, ""review_reasons"": [""run ends with no award ever reported \u2014 start unknown"", ""start_date unknown"", ""venue never matched the spine \u2014 not mappable""], ""known_through"": ""2015-09-01"", ""event_count"": 1}",sp-ffe32747aa,,Aramark Correctional Services,ev_eb1bea5b8402c598,2015-09-01,2015,reported end,,True,run ends with no award ever reported — start unknown; start_date unknown; venue never matched the spine — not mappable
Michigan prison food service,other,,,,,Trinity Food Services,2015-09-01,month,,,unknown,,"|Detroit Free Press; Detroit, Mich. | 2016-09-07",,"{""needs_review"": true, ""review_reasons"": [""venue never matched the spine \u2014 not mappable""], ""known_through"": ""2015-09-01"", ""event_count"": 1}",sp-5b799f6940,,Trinity Food Services,ev_4203f9045b98efed,2015-09-01,2015,evidence stops here; the end is unknown,,True,venue never matched the spine — not mappable
Michigan prisons,other,,,,,Aramark Correctional Services,,,2015-08-01,month,ended,lost_bid,"|Livingston County Daily Press & Argus; Howell, Mich. | 2016-09-09",,"{""needs_review"": true, ""review_reasons"": [""run ends with no award ever reported \u2014 start unknown"", ""start_date unknown"", ""venue never matched the spine \u2014 not mappable""], ""known_through"": ""2015-08-01"", ""event_count"": 1}",sp-eb8b843d8f,,Aramark Correctional Services,ev_fdbd67926c4df7ee,2015-08-01,2015,reported end,,True,run ends with no award ever reported — start unknown; start_date unknown; venue never matched the spine — not mappable
Michigan prisons,other,,,,,Trinity Services Group,2015-08-01,month,,,unknown,,"|Livingston County Daily Press & Argus; Howell, Mich. | 2016-09-09",,"{""needs_review"": true, ""review_reasons"": [""venue never matched the spine \u2014 not mappable""], ""known_through"": ""2015-08-01"", ""event_count"": 1}",sp-bb4bdba725,,Trinity Services Group,ev_22702e580d9e9660,2015-08-01,2015,evidence stops here; the end is unknown,,True,venue never matched the spine — not mappable
Michigan state prisons,other,,,,,Aramark Correctional Services,2013-12-01,month,2015-08-01,month,ended,lost_bid,"|Detroit Free Press (1923-), General edition; Detroit | 2016-09-09",,"{""needs_review"": true, ""review_reasons"": [""venue never matched the spine \u2014 not mappable""], ""known_through"": ""2015-08-01"", ""event_count"": 2}",sp-00c0c179e1,,Aramark Correctional Services,ev_eb9906d9c9b65c65 ev_a0035b7360e519ef,2015-08-01,2015,reported end,,True,venue never matched the spine — not mappable
Michigan state prisons,other,,,,,Trinity Services Group,2015-08-01,month,,,unknown,,"|Detroit Free Press (1923-), General edition; Detroit | 2016-09-09",,"{""needs_review"": true, ""review_reasons"": [""venue never matched the spine \u2014 not mappable""], ""known_through"": ""2015-08-01"", ""event_count"": 1}",sp-801a05dfb4,,Trinity Services Group,ev_27e0d3480585c6b5,2015-08-01,2015,evidence stops here; the end is unknown,,True,venue never matched the spine — not mappable
Michigan's prison,other,,,,,Aramark Correctional Services,,,2015-09-01,month,ended,lost_bid,"|Lansing State Journal (1980-); Lansing, Michigan | 2017-01-21",,"{""needs_review"": true, ""review_reasons"": [""run ends with no award ever reported \u2014 start unknown"", ""start_date unknown"", ""venue never matched the spine \u2014 not mappable""], ""known_through"": ""2015-09-01"", ""event_count"": 1}",sp-1f323bcd34,,Aramark Correctional Services,ev_b38f5fae6dcbe24f,2015-09-01,2015,reported end,,True,run ends with no award ever reported — start unknown; start_date unknown; venue never matched the spine — not mappable
Michigan's prison,other,,,,,Trinity Services Group,2015-09-01,month,,,unknown,,"|Lansing State Journal (1980-); Lansing, Michigan | 2017-01-21",,"{""needs_review"": true, ""review_reasons"": [""1 undated event(s) could not be placed on the timeline"", ""venue never matched the spine \u2014 not mappable""], ""known_through"": ""2015-09-01"", ""event_count"": 2}",sp-db221d4749,,Trinity Services Group,ev_241afad96bdaedbb ev_26ec472cd908b475,2015-09-01,2015,evidence stops here; the end is unknown,,True,1 undated event(s) could not be placed on the timeline; venue never matched the spine — not mappable
MPEC,other,,,,,Spectra,2016-10-01,approx,,,unknown,,"|Times Record News (1987-); Wichita Falls, Texas | 2016-12-28; |Times Record News (1987-); Wichita Falls, Texas | 2016-11-06",,"{""needs_review"": true, ""review_reasons"": [""1 undated event(s) could not be placed on the timeline"", ""venue never matched the spine \u2014 not mappable""], ""known_through"": ""2016-10-01"", ""event_count"": 2, ""sub_brands"": [""Spectra Food Services""]}",sp-834dc44505,,Spectra,ev_1d9ef998874af608 ev_ae8e657b29a88f4e,2016-10-01,2016,evidence stops here; the end is unknown,,True,1 undated event(s) could not be placed on the timeline; venue never matched the spine — not mappable
MPEC,other,,,,,city of Wichita Falls,,,,,unknown,,"|Times Record News (1987-); Wichita Falls, Texas | 2016-11-06",,"{""needs_review"": true, ""review_reasons"": [""1 undated event(s) could not be placed on the timeline"", ""start_date unknown"", ""venue never matched the spine \u2014 not mappable""], ""known_through"": null, ""event_count"": 1}",sp-2bc706d5d0,,city of Wichita Falls,ev_dfc814aa919b8b54,,,evidence stops here; the end is unknown,,True,1 undated event(s) could not be placed on the timeline; start_date unknown; venue never matched the spine — not mappable
NCH,other,,,,,Sodexo,2012-01-01,year,,,unknown,,"|The Naples Daily News (1970-); Naples, Florida | 2016-08-27",,"{""needs_review"": true, ""review_reasons"": [""venue never matched the spine \u2014 not mappable""], ""known_through"": ""2012-01-01"", ""event_count"": 1}",sp-11c3a2283f,,Sodexo,ev_b5d80f3dba8630c0,2012-01-01,2012,evidence stops here; the end is unknown,,True,venue never matched the spine — not mappable
NCH Healthcare System,other,,,,,Sodexo,2012-01-01,year,,,unknown,,"|The News Press; Fort Myers, Fla. | 2016-08-27; |Fort Myers News-Press (1931-); Fort Myers, Florida | 2016-08-27",,"{""needs_review"": true, ""review_reasons"": [""venue never matched the spine \u2014 not mappable""], ""known_through"": ""2012-01-01"", ""event_count"": 1}",sp-8ede7be3f5,,Sodexo,ev_9bca26df1c10411c ev_0cb9308519ad8486,2012-01-01,2012,evidence stops here; the end is unknown,,True,venue never matched the spine — not mappable
Neil Armstrong Elementary,other,,,,,Aramark,,,,,unknown,,"|The Times - Tribune; Scranton, Pa. | 2016-11-10; |TCA Regional News; Chicago | 2016-11-10",,"{""needs_review"": true, ""review_reasons"": [""presence only (violation) \u2014 operator was here, but no award was reported"", ""start_date unknown"", ""venue never matched the spine \u2014 not mappable""], ""known_through"": ""2016-11-07"", ""event_count"": 1}",sp-0d78889d61,,Aramark,ev_d9e12110a28d4aa5 ev_f6b78a138640f421,2016-11-07,2016,evidence stops here; the end is unknown,,True,"presence only (violation) — operator was here, but no award was reported; start_date unknown; venue never matched the spine — not mappable"
Northwest Missouri State University,other,,,,,Aramark,,,2017-04-03,exact,ended,lost_bid,|University Wire; Carlsbad | 2017-01-18,,"{""needs_review"": true, ""review_reasons"": [""run ends with no award ever reported \u2014 start unknown"", ""start_date unknown"", ""venue never matched the spine \u2014 not mappable""], ""known_through"": ""2017-04-03"", ""event_count"": 1}",sp-9bbabb5b6f,,Aramark,ev_4e6c6c0add92e0f7,2017-04-03,2017,reported end,,True,run ends with no award ever reported — start unknown; start_date unknown; venue never matched the spine — not mappable
Northwest Missouri State University,other,,,,,Aramark,,,2017-04-03,exact,ended,self_op_conversion,|University Wire; Carlsbad | 2017-01-18,,"{""needs_review"": true, ""review_reasons"": [""run ends with no award ever reported \u2014 start unknown"", ""start_date unknown"", ""venue never matched the spine \u2014 not mappable""], ""known_through"": ""2017-04-03"", ""event_count"": 1}",sp-acb504f28c,,Aramark,ev_71ed24575f11b40f,2017-04-03,2017,reported end,,True,run ends with no award ever reported — start unknown; start_date unknown; venue never matched the spine — not mappable
Ramsey County correctional facility,other,,,,,Minnesota,,,,,unknown,,|The Guardian (Online); London (UK) | 2016-09-30,,"{""needs_review"": true, ""review_reasons"": [""1 undated event(s) could not be placed on the timeline"", ""start_date unknown"", ""venue never matched the spine \u2014 not mappable""], ""known_through"": null, ""event_count"": 1}",sp-c115bf1de2,,Minnesota,ev_8521b7769abe3a18,,,evidence stops here; the end is unknown,,True,1 undated event(s) could not be placed on the timeline; start_date unknown; venue never matched the spine — not mappable
Rio Tinto,other,,,,,ISS,,,2016-01-01,year,ended,lost_bid,|The Australian Financial Review; Melbourne | 2016-12-03,,"{""needs_review"": true, ""review_reasons"": [""run ends with no award ever reported \u2014 start unknown"", ""start_date unknown"", ""venue never matched the spine \u2014 not mappable""], ""known_through"": ""2016-01-01"", ""event_count"": 1}",sp-7cb512c57e,,ISS,ev_7f45b1ee671f005a,2016-01-01,2016,reported end,,True,run ends with no award ever reported — start unknown; start_date unknown; venue never matched the spine — not mappable
Rock and Roll Hall of Fame,other,,,,,Aramark,,,,,unknown,,|Fair Disclosure Wire; Linthicum | 2016-08-10,,"{""needs_review"": true, ""review_reasons"": [""1 undated event(s) could not be placed on the timeline"", ""start_date unknown"", ""venue never matched the spine \u2014 not mappable""], ""known_through"": null, ""event_count"": 1}",sp-6930b3a8e3,,Aramark,ev_63e00132b530584f,,,evidence stops here; the end is unknown,,True,1 undated event(s) could not be placed on the timeline; start_date unknown; venue never matched the spine — not mappable
Rutgers University – Newark,other,,,,,Aramark,,,2016-07-29,exact,ended,lost_bid,|University Wire; Carlsbad | 2016-09-27,,"{""needs_review"": true, ""review_reasons"": [""run ends with no award ever reported \u2014 start unknown"", ""start_date unknown"", ""venue never matched the spine \u2014 not mappable""], ""known_through"": ""2016-07-29"", ""event_count"": 1}",sp-82397566f3,,Aramark,ev_eca51a03b2dca04e,2016-07-29,2016,reported end,,True,run ends with no award ever reported — start unknown; start_date unknown; venue never matched the spine — not mappable
Rutgers University – Newark,other,,,,,Gourmet Dining Services,2016-07-29,exact,,,unknown,,|University Wire; Carlsbad | 2016-09-27,,"{""needs_review"": true, ""review_reasons"": [""venue never matched the spine \u2014 not mappable""], ""known_through"": ""2016-07-29"", ""event_count"": 1}",sp-2f7d9a2860,,Gourmet Dining Services,ev_daf4cae66c260d20,2016-07-29,2016,evidence stops here; the end is unknown,,True,venue never matched the spine — not mappable
Saint Leo University,other,,,,,Sodexo,,,2016-09-29,exact,ended,lost_bid,"|Tampa Bay Times (2012-); Tampa Bay, Florida | 2016-08-17",,"{""needs_review"": true, ""review_reasons"": [""run ends with no award ever reported \u2014 start unknown"", ""start_date unknown"", ""venue never matched the spine \u2014 not mappable""], ""known_through"": ""2016-09-29"", ""event_count"": 1}",sp-4811e10f87,,Sodexo,ev_ffaf904ae6c2214e,2016-09-29,2016,reported end,,True,run ends with no award ever reported — start unknown; start_date unknown; venue never matched the spine — not mappable
SHSU,other,,,,,"ARAMARK Educational Services of Texas, Inc.",,,,,unknown,,"|US Fed News Service, Including US State News; Washington, D.C. | 2016-08-20",,"{""needs_review"": true, ""review_reasons"": [""1 undated event(s) could not be placed on the timeline"", ""start_date unknown"", ""venue never matched the spine \u2014 not mappable""], ""known_through"": null, ""event_count"": 1, ""sub_brands"": [""Aramark Educational Services""]}",sp-1b1d922502,,"ARAMARK Educational Services of Texas, Inc.",ev_79756416ee45996e,,,evidence stops here; the end is unknown,,True,1 undated event(s) could not be placed on the timeline; start_date unknown; venue never matched the spine — not mappable
SMSU,other,,,,,Aramark,,,2016-07-01,month,ended,lost_bid,|University Wire; Carlsbad | 2016-09-08,,"{""needs_review"": true, ""review_reasons"": [""run ends with no award ever reported \u2014 start unknown"", ""start_date unknown"", ""venue never matched the spine \u2014 not mappable""], ""known_through"": ""2016-07-01"", ""event_count"": 1}",sp-97484db6ef,,Aramark,ev_9237db883fc6d2ee,2016-07-01,2016,reported end,,True,run ends with no award ever reported — start unknown; start_date unknown; venue never matched the spine — not mappable
SMSU,other,,,,,Compass,2016-07-01,month,,,unknown,,|University Wire; Carlsbad | 2016-09-08,,"{""needs_review"": true, ""review_reasons"": [""venue never matched the spine \u2014 not mappable""], ""known_through"": ""2016-07-01"", ""event_count"": 1, ""sub_brands"": [""Chartwells""]}",sp-84197ee2b6,,Compass,ev_6d593eeb311d29ff,2016-07-01,2016,evidence stops here; the end is unknown,,True,venue never matched the spine — not mappable
SMSU campus,other,,,,,Aramark,,,,,unknown,,|University Wire; Carlsbad | 2016-09-08,,"{""needs_review"": true, ""review_reasons"": [""2 undated event(s) could not be placed on the timeline"", ""start_date unknown"", ""venue never matched the spine \u2014 not mappable""], ""known_through"": null, ""event_count"": 2}",sp-e269b3b965,,Aramark,ev_f589bb1d345c1fa4 ev_7e23c8700e5c112a,,,evidence stops here; the end is unknown,,True,2 undated event(s) could not be placed on the timeline; start_date unknown; venue never matched the spine — not mappable
SMSU campus,other,,,,,Compass,,,,,unknown,,|University Wire; Carlsbad | 2016-09-08,,"{""needs_review"": true, ""review_reasons"": [""2 undated event(s) could not be placed on the timeline"", ""start_date unknown"", ""venue never matched the spine \u2014 not mappable""], ""known_through"": null, ""event_count"": 2, ""sub_brands"": [""Chartwells""]}",sp-d9cda0e85b,,Compass,ev_d43a44138dcf3ec5 ev_02610c1a3e46c43c,,,evidence stops here; the end is unknown,,True,2 undated event(s) could not be placed on the timeline; start_date unknown; venue never matched the spine — not mappable
St. Cloud State University,other,,,,,Compass,2016-07-01,exact,,,unknown,,"|St. Cloud Times (1988-); St Cloud, Minnesota | 2016-07-31",,"{""needs_review"": true, ""review_reasons"": [""venue never matched the spine \u2014 not mappable""], ""known_through"": ""2016-07-01"", ""event_count"": 1, ""sub_brands"": [""Chartwells""]}",sp-438156e24d,,Compass,ev_a4e419c71e0ebe9b,2016-07-01,2016,evidence stops here; the end is unknown,,True,venue never matched the spine — not mappable
St. Cloud State University,other,,,,,Sodexo,,,2016-07-01,exact,ended,lost_bid,"|St. Cloud Times (1988-); St Cloud, Minnesota | 2016-07-31",,"{""needs_review"": true, ""review_reasons"": [""run ends with no award ever reported \u2014 start unknown"", ""start_date unknown"", ""venue never matched the spine \u2014 not mappable""], ""known_through"": ""2016-07-01"", ""event_count"": 1}",sp-04eaebe0a5,,Sodexo,ev_5930aa3e2caa1e8e,2016-07-01,2016,reported end,,True,run ends with no award ever reported — start unknown; start_date unknown; venue never matched the spine — not mappable
St. Cloud State University's Garvey Commons,other,,,,,Compass,2016-07-01,exact,,,unknown,,"|St. Cloud Times; St. Cloud, Minn. | 2016-07-31; |Star Tribune (1987-); Minneapolis | 2016-08-07",,"{""needs_review"": true, ""review_reasons"": [""venue never matched the spine \u2014 not mappable""], ""known_through"": ""2016-07-01"", ""event_count"": 1, ""sub_brands"": [""Chartwells""]}",sp-7ed39b11fd,,Compass,ev_4c95d6079be2a7e1 ev_d02bc1ca0e176742,2016-07-01,2016,evidence stops here; the end is unknown,,True,venue never matched the spine — not mappable
St. Cloud State University's Garvey Commons,other,,,,,Sodexo,,,2016-07-01,exact,ended,other,|Star Tribune (1987-); Minneapolis | 2016-08-07,contract expired; no cause reported,"{""needs_review"": true, ""review_reasons"": [""run ends with no award ever reported \u2014 start unknown"", ""start_date unknown"", ""venue never matched the spine \u2014 not mappable""], ""known_through"": ""2016-07-01"", ""event_count"": 1}",sp-854dfd9b65,,Sodexo,ev_f793ed438714f93a,2016-07-01,2016,reported end,,True,run ends with no award ever reported — start unknown; start_date unknown; venue never matched the spine — not mappable
St. Cloud State University's Garvey Commons,other,,,,,Sodexo,,,2016-07-01,exact,ended,lost_bid,"|St. Cloud Times; St. Cloud, Minn. | 2016-07-31",,"{""needs_review"": true, ""review_reasons"": [""run ends with no award ever reported \u2014 start unknown"", ""start_date unknown"", ""venue never matched the spine \u2014 not mappable""], ""known_through"": ""2016-07-01"", ""event_count"": 1}",sp-430cc2d251,,Sodexo,ev_17f190dcdbc956e6,2016-07-01,2016,reported end,,True,run ends with no award ever reported — start unknown; start_date unknown; venue never matched the spine — not mappable
State of Michigan,other,,,,,Aramark,,,2005-01-01,year,ended,lost_bid,"|The Daily News-Journal (1931-); Murfreesboro, Tennessee | 2016-08-08",,"{""needs_review"": true, ""review_reasons"": [""run ends with no award ever reported \u2014 start unknown"", ""start_date unknown"", ""venue never matched the spine \u2014 not mappable""], ""known_through"": ""2005-01-01"", ""event_count"": 1}",sp-64ad77d639,,Aramark,ev_d4fd7c63e8fe2194,2005-01-01,2005,reported end,,True,run ends with no award ever reported — start unknown; start_date unknown; venue never matched the spine — not mappable
state prison,other,,,,,Aramark Correctional Services,,,2015-08-01,month,ended,lost_bid,"|Lansing State Journal (1980-); Lansing, Michigan | 2016-09-09",,"{""needs_review"": true, ""review_reasons"": [""run ends with no award ever reported \u2014 start unknown"", ""start_date unknown"", ""venue never matched the spine \u2014 not mappable""], ""known_through"": ""2015-08-01"", ""event_count"": 1, ""sub_brands"": [""Aramark Correctional Services""]}",sp-465b90cf97,,Aramark Correctional Services,ev_747111eb2864ee0a,2015-08-01,2015,reported end,,True,run ends with no award ever reported — start unknown; start_date unknown; venue never matched the spine — not mappable
state prison,other,,,,,Trinity Services Group,2015-08-01,month,,,unknown,,"|Lansing State Journal (1980-); Lansing, Michigan | 2016-09-09",,"{""needs_review"": true, ""review_reasons"": [""venue never matched the spine \u2014 not mappable""], ""known_through"": ""2015-08-01"", ""event_count"": 1}",sp-9be0178625,,Trinity Services Group,ev_5a68ec6e61e06c11,2015-08-01,2015,evidence stops here; the end is unknown,,True,venue never matched the spine — not mappable
state prison properties,other,,,,,Aramark Correctional Services,2013-12-01,month,2015-08-01,month,ended,lost_bid,"|Lansing State Journal; Lansing, Mich. | 2016-09-09",,"{""needs_review"": true, ""review_reasons"": [""venue never matched the spine \u2014 not mappable""], ""known_through"": ""2015-08-01"", ""event_count"": 2}",sp-bc7c796325,,Aramark Correctional Services,ev_0100a2ac6b81113d ev_1fc8805b011c2e80,2015-08-01,2015,reported end,,True,venue never matched the spine — not mappable
state prison properties,other,,,,,Trinity Services Group,2015-08-01,month,,,unknown,,"|Lansing State Journal; Lansing, Mich. | 2016-09-09",,"{""needs_review"": true, ""review_reasons"": [""venue never matched the spine \u2014 not mappable""], ""known_through"": ""2015-08-01"", ""event_count"": 1}",sp-851e0b233f,,Trinity Services Group,ev_ca0859e280559ae9,2015-08-01,2015,evidence stops here; the end is unknown,,True,venue never matched the spine — not mappable
Temple,other,,,,,Aramark,2016-10-01,month,,,unknown,,|University Wire; Carlsbad | 2016-12-29; |University Wire; Carlsbad | 2016-10-25; |University Wire; Carlsbad | 2016-10-18; |Philadelphia Inquirer (1969-); Philadelphia | 2016-10-12,,"{""needs_review"": true, ""review_reasons"": [""re-awarded with no reported end to the previous run"", ""overlaps another operator at this venue (prime vs sub-contract, or a bad pairing)"", ""venue never matched the spine \u2014 not mappable""], ""known_through"": ""2017-07-01"", ""overlaps_with"": [""Sodexo""], ""event_count"": 2}",sp-d6e26ad663,,Aramark,ev_7540d3607e1095f3 ev_ca3c544be6203886 ev_460833386e6ebe56 ev_38f6d7840d94cbee,2017-07-01,2017,evidence stops here; the end is unknown,,True,"re-awarded with no reported end to the previous run; overlaps another operator at this venue (prime vs sub-contract, or a bad pairing); venue never matched the spine — not mappable"
Temple,other,,,,,Sodexo,,,2016-10-01,month,ended,lost_bid,|University Wire; Carlsbad | 2016-12-29,,"{""needs_review"": true, ""review_reasons"": [""run ends with no award ever reported \u2014 start unknown"", ""start_date unknown"", ""venue never matched the spine \u2014 not mappable""], ""known_through"": ""2016-10-01"", ""event_count"": 1}",sp-63618ace5a,,Sodexo,ev_7984a6913c9c631d,2016-10-01,2016,reported end,,True,run ends with no award ever reported — start unknown; start_date unknown; venue never matched the spine — not mappable
Temple,other,,,,,Sodexo,,,2017-06-01,month,ended,other,|University Wire; Carlsbad | 2016-09-13,contract expired; no cause reported,"{""needs_review"": true, ""review_reasons"": [""run ends with no award ever reported \u2014 start unknown"", ""start_date unknown"", ""overlaps another operator at this venue (prime vs sub-contract, or a bad pairing)"", ""venue never matched the spine \u2014 not mappable""], ""known_through"": ""2017-06-01"", ""overlaps_with"": [""Aramark""], ""event_count"": 1}",sp-d73773d53b,,Sodexo,ev_bdfb6f8e95b8eba0,2017-06-01,2017,reported end,,True,"run ends with no award ever reported — start unknown; start_date unknown; overlaps another operator at this venue (prime vs sub-contract, or a bad pairing); venue never matched the spine — not mappable"
Temple,other,,,,,Sodexo,,,2017-06-30,exact,ended,lost_bid,|University Wire; Carlsbad | 2016-10-25; |University Wire; Carlsbad | 2016-10-18; |Philadelphia Inquirer (1969-); Philadelphia | 2016-10-12,,"{""needs_review"": true, ""review_reasons"": [""run ends with no award ever reported \u2014 start unknown"", ""start_date unknown"", ""overlaps another operator at this venue (prime vs sub-contract, or a bad pairing)"", ""venue never matched the spine \u2014 not mappable""], ""known_through"": ""2017-06-30"", ""overlaps_with"": [""Aramark""], ""event_count"": 1}",sp-7eaafd180d,,Sodexo,ev_aeaae025458e9c71 ev_03a0d8daf6924d03 ev_766ed3b5fdf35201,2017-06-30,2017,reported end,,True,"run ends with no award ever reported — start unknown; start_date unknown; overlaps another operator at this venue (prime vs sub-contract, or a bad pairing); venue never matched the spine — not mappable"
Temple University,other,,,,,Aramark,2016-01-01,approx,,,unknown,,"|Fair Disclosure Wire; Linthicum | 2016-11-15; |MENA Report; Camden | 2016-10-14; |University Wire; Carlsbad | 2016-10-11; |University Wire; Carlsbad | 2017-01-17; |University Wire; Carlsbad | 2016-10-21; |US Fed News Service, Including US State News; Washington, D.C. | 2016-10-12; |TCA Regional News; Chicago | 2016-10-11; |Philadelphia Inquirer (1969-); Philadelphia | 2016-10-12",,"{""needs_review"": true, ""review_reasons"": [""re-awarded with no reported end to the previous run"", ""3 undated event(s) could not be placed on the timeline"", ""overlaps another operator at this venue (prime vs sub-contract, or a bad pairing)"", ""venue never matched the spine \u2014 not mappable""], ""known_through"": ""2017-07-01"", ""overlaps_with"": [""Sodexo""], ""event_count"": 8}",sp-3241352e3e,,Aramark,ev_6577b229781263b6 ev_b820fc3a668226b8 ev_bc749ab7924913cc ev_14dd6c82c54ef417 ev_82303a72f0ac0128 ev_63eb07056ee90224 ev_e50cf904efe27803 ev_533e8e79627058b1 ev_aa5564b526693c0a ev_d8f59974003adf6e ev_34e141aaae716a04 ev_d9fc15e40b846eb8,2017-07-01,2017,evidence stops here; the end is unknown,,True,"re-awarded with no reported end to the previous run; 3 undated event(s) could not be placed on the timeline; overlaps another operator at this venue (prime vs sub-contract, or a bad pairing); venue never matched the spine — not mappable"
Temple University,other,,,,,Sodexo,,,2016-07-01,exact,ended,lost_bid,|MENA Report; Camden | 2016-10-14,,"{""needs_review"": true, ""review_reasons"": [""run ends with no award ever reported \u2014 start unknown"", ""start_date unknown"", ""overlaps another operator at this venue (prime vs sub-contract, or a bad pairing)"", ""venue never matched the spine \u2014 not mappable""], ""known_through"": ""2016-07-01"", ""overlaps_with"": [""Aramark""], ""event_count"": 1}",sp-6e60c2985f,,Sodexo,ev_476d0140c9de2f23,2016-07-01,2016,reported end,,True,"run ends with no award ever reported — start unknown; start_date unknown; overlaps another operator at this venue (prime vs sub-contract, or a bad pairing); venue never matched the spine — not mappable"
Temple University,other,,,,,Sodexo,,,2017-05-13,exact,ended,lost_bid,|University Wire; Carlsbad | 2017-01-17,,"{""needs_review"": true, ""review_reasons"": [""run ends with no award ever reported \u2014 start unknown"", ""start_date unknown"", ""overlaps another operator at this venue (prime vs sub-contract, or a bad pairing)"", ""venue never matched the spine \u2014 not mappable""], ""known_through"": ""2017-05-13"", ""overlaps_with"": [""Aramark""], ""event_count"": 1}",sp-362dc0ad6e,,Sodexo,ev_48562a06ad6d72c9 ev_fc526f07acd7b9b6,2017-05-13,2017,reported end,,True,"run ends with no award ever reported — start unknown; start_date unknown; overlaps another operator at this venue (prime vs sub-contract, or a bad pairing); venue never matched the spine — not mappable"
Temple University,other,,,,,Sodexo,,,2017-07-01,exact,ended,lost_bid,"|University Wire; Carlsbad | 2016-10-21; |University Wire; Carlsbad | 2016-10-11; |TCA Regional News; Chicago | 2016-10-11; |Philadelphia Inquirer (1969-); Philadelphia | 2016-10-12; |Philadelphia Inquirer; Philadelphia, Pa. | 2016-11-01",,"{""needs_review"": true, ""review_reasons"": [""run ends with no award ever reported \u2014 start unknown"", ""2 undated event(s) could not be placed on the timeline"", ""start_date unknown"", ""overlaps another operator at this venue (prime vs sub-contract, or a bad pairing)"", ""venue never matched the spine \u2014 not mappable""], ""known_through"": ""2017-07-01"", ""overlaps_with"": [""Aramark""], ""event_count"": 3, ""sub_brands"": [""SodexoMagic""]}",sp-b40c9cc1ae,,Sodexo,ev_cec500d8fc1a792d ev_ec60d67dd3be98e5 ev_031fc2394d4f02ae ev_215149db3418951e ev_7beff567a0cffbea ev_a5eefc7e95315fce,2017-07-01,2017,reported end,,True,"run ends with no award ever reported — start unknown; 2 undated event(s) could not be placed on the timeline; start_date unknown; overlaps another operator at this venue (prime vs sub-contract, or a bad pairing); venue never matched the spine — not mappable"
Tennessee Department of Correction,other,,,,,Aramark,2016-10-01,exact,,,unknown,,"|The Daily News Journal; Murfreesboro, Tenn. | 2016-08-08; |The Tennessean; Nashville, Tenn. | 2016-08-08; |News Sentinel; Knoxville, Tenn. | 2016-08-05; |The Leaf-Chronicle (1979-); Clarksville, Tennessee | 2016-08-08; |The Daily News-Journal (1931-); Murfreesboro, Tennessee | 2016-08-08; |The Tennessean (1972-); Nashville | 2016-08-08",,"{""needs_review"": true, ""review_reasons"": [""1 undated event(s) could not be placed on the timeline"", ""venue never matched the spine \u2014 not mappable""], ""known_through"": ""2016-10-01"", ""event_count"": 2}",sp-8bbe3b87a8,,Aramark,ev_d93165ae10ec1bd6 ev_22f81347b12bfe06 ev_8745d01a1fc37af0 ev_3fa52d81a0d88e57 ev_289ba7ed2739cabe ev_5d292bc1ea22c613 ev_49f6179c09144ead,2016-10-01,2016,evidence stops here; the end is unknown,,True,1 undated event(s) could not be placed on the timeline; venue never matched the spine — not mappable
Tennessee Department of Correction,other,,,,,TRICOR,,,2016-10-01,exact,ended,lost_bid,"|The Daily News Journal; Murfreesboro, Tenn. | 2016-08-08; |The Tennessean; Nashville, Tenn. | 2016-08-08; |The Tennessean (1972-); Nashville | 2016-08-08",,"{""needs_review"": true, ""review_reasons"": [""run ends with no award ever reported \u2014 start unknown"", ""start_date unknown"", ""venue never matched the spine \u2014 not mappable""], ""known_through"": ""2016-10-01"", ""event_count"": 1}",sp-0b7a063aca,,TRICOR,ev_535c9491784104c8 ev_874a10d680f7405a ev_e251a31037c3dd58,2016-10-01,2016,reported end,,True,run ends with no award ever reported — start unknown; start_date unknown; venue never matched the spine — not mappable
the Deece,other,,,,,Aramark,,,2017-01-01,approx,ended,lost_bid,|University Wire; Carlsbad | 2016-11-30,,"{""needs_review"": true, ""review_reasons"": [""run ends with no award ever reported \u2014 start unknown"", ""start_date unknown"", ""venue never matched the spine \u2014 not mappable""], ""known_through"": ""2017-01-01"", ""event_count"": 1}",sp-83d0427cad,,Aramark,ev_2e613f83a9ed12fe,2017-01-01,2017,reported end,,True,run ends with no award ever reported — start unknown; start_date unknown; venue never matched the spine — not mappable
the Deece,other,,,,,Compass,2017-01-01,approx,,,unknown,,|University Wire; Carlsbad | 2016-11-30,,"{""needs_review"": true, ""review_reasons"": [""venue never matched the spine \u2014 not mappable""], ""known_through"": ""2017-01-01"", ""event_count"": 1, ""sub_brands"": [""Bon App\u00e9tit""]}",sp-8d00ce937c,,Compass,ev_9f03a8a9bbee074c,2017-01-01,2017,evidence stops here; the end is unknown,,True,venue never matched the spine — not mappable
the department,other,,,,,Aramark,,,,,unknown,,|The Tennessean (1972-); Nashville | 2016-08-08,,"{""needs_review"": true, ""review_reasons"": [""1 undated event(s) could not be placed on the timeline"", ""start_date unknown"", ""venue never matched the spine \u2014 not mappable""], ""known_through"": null, ""event_count"": 1}",sp-af2aa847be,,Aramark,ev_5987a411d53dab7a,,,evidence stops here; the end is unknown,,True,1 undated event(s) could not be placed on the timeline; start_date unknown; venue never matched the spine — not mappable
the department,other,,,,,TRICOR,,,,,unknown,,|The Tennessean (1972-); Nashville | 2016-08-08,,"{""needs_review"": true, ""review_reasons"": [""1 undated event(s) could not be placed on the timeline"", ""start_date unknown"", ""venue never matched the spine \u2014 not mappable""], ""known_through"": null, ""event_count"": 1}",sp-ddc534c181,,TRICOR,ev_ada9e2f7fda170b0,,,evidence stops here; the end is unknown,,True,1 undated event(s) could not be placed on the timeline; start_date unknown; venue never matched the spine — not mappable
The Perch,other,,,,,Aramark,,,2016-05-01,month,ended,lost_bid,|University Wire; Carlsbad | 2016-10-06,,"{""needs_review"": true, ""review_reasons"": [""presence only (violation) \u2014 operator was here, but no award was reported"", ""start_date unknown"", ""venue never matched the spine \u2014 not mappable""], ""known_through"": ""2016-05-01"", ""event_count"": 2}",sp-01159e2c55,,Aramark,ev_12b2a95adf4b2d1f ev_046e976888731612,2016-05-01,2016,reported end,,True,"presence only (violation) — operator was here, but no award was reported; start_date unknown; venue never matched the spine — not mappable"
The Perch,other,,,,,Compass,2016-05-01,month,,,unknown,,|University Wire; Carlsbad | 2016-10-06,,"{""needs_review"": true, ""review_reasons"": [""venue never matched the spine \u2014 not mappable""], ""known_through"": ""2016-05-19"", ""event_count"": 2, ""sub_brands"": [""Chartwells""]}",sp-1eec7daa4e,,Compass,ev_7a147e35d112c444 ev_be5ff4112ef162d4,2016-05-19,2016,evidence stops here; the end is unknown,,True,venue never matched the spine — not mappable
the university,other,,,,,Aramark,,,,,unknown,,|MENA Report; Camden | 2016-11-09,,"{""needs_review"": true, ""review_reasons"": [""renewal with no award ever reported \u2014 start unknown"", ""start_date unknown"", ""venue never matched the spine \u2014 not mappable""], ""known_through"": ""2016-11-01"", ""event_count"": 1}",sp-69033994eb,,Aramark,ev_3e9dcb397dbe5cb5,2016-11-01,2016,evidence stops here; the end is unknown,,True,renewal with no award ever reported — start unknown; start_date unknown; venue never matched the spine — not mappable
Tom Green County Jail,other,,,,,Aramark Correctional Services,,,,,unknown,,"|Standard Times; San Angelo | 2016-09-12; |Standard Times (1928-); San Angelo, Texas | 2016-09-12",,"{""needs_review"": true, ""review_reasons"": [""renewal with no award ever reported \u2014 start unknown"", ""start_date unknown"", ""venue never matched the spine \u2014 not mappable""], ""known_through"": ""2016-08-02"", ""event_count"": 2}",sp-c79a97a977,,Aramark Correctional Services,ev_9894fba1b01080df ev_658faf089a2d2235 ev_a493acde83f2b7cf,2016-08-02,2016,evidence stops here; the end is unknown,,True,renewal with no award ever reported — start unknown; start_date unknown; venue never matched the spine — not mappable
U of L,other,,,,,Aramark,2016-08-01,approx,,,unknown,,|University Wire; Carlsbad | 2016-09-03; |University Wire; Carlsbad | 2016-09-08,,"{""needs_review"": true, ""review_reasons"": [""1 undated event(s) could not be placed on the timeline"", ""venue never matched the spine \u2014 not mappable""], ""known_through"": ""2016-08-01"", ""event_count"": 2}",sp-4e73938c79,,Aramark,ev_ee0b16f565ec83f6 ev_f57b4ea2d4198326 ev_ebcf556433c35988,2016-08-01,2016,evidence stops here; the end is unknown,,True,1 undated event(s) could not be placed on the timeline; venue never matched the spine — not mappable
U of L,other,,,,,Sodexo,,,,,unknown,,|University Wire; Carlsbad | 2016-09-08,,"{""needs_review"": true, ""review_reasons"": [""1 undated event(s) could not be placed on the timeline"", ""start_date unknown"", ""venue never matched the spine \u2014 not mappable""], ""known_through"": null, ""event_count"": 1}",sp-ec7fc6bc5c,,Sodexo,ev_ed6542c6ac3411e7,,,evidence stops here; the end is unknown,,True,1 undated event(s) could not be placed on the timeline; start_date unknown; venue never matched the spine — not mappable
UChicago Dining,other,,,,,Aramark,,,,,unknown,,|University Wire; Carlsbad | 2016-10-18,,"{""needs_review"": true, ""review_reasons"": [""1 undated event(s) could not be placed on the timeline"", ""start_date unknown"", ""venue never matched the spine \u2014 not mappable""], ""known_through"": null, ""event_count"": 1}",sp-c283a0a42a,,Aramark,ev_ff26d56dfddeff9b,,,evidence stops here; the end is unknown,,True,1 undated event(s) could not be placed on the timeline; start_date unknown; venue never matched the spine — not mappable
UChicago Dining,other,,,,,Compass,,,,,unknown,,|University Wire; Carlsbad | 2016-10-18,,"{""needs_review"": true, ""review_reasons"": [""1 undated event(s) could not be placed on the timeline"", ""start_date unknown"", ""venue never matched the spine \u2014 not mappable""], ""known_through"": null, ""event_count"": 1, ""sub_brands"": [""bon app\u00e9tit""]}",sp-030e9be7e6,,Compass,ev_924fecd73196c315,,,evidence stops here; the end is unknown,,True,1 undated event(s) could not be placed on the timeline; start_date unknown; venue never matched the spine — not mappable
UK,other,,,,,Aramark,2014-01-01,year,,,unknown,,"|University Wire; Carlsbad | 2016-10-05; |Courier - Journal; Louisville, Ky. | 2016-09-21; |The Courier-Journal (1923-); Louisville | 2016-09-21",,"{""needs_review"": true, ""review_reasons"": [""venue never matched the spine \u2014 not mappable""], ""known_through"": ""2016-09-01"", ""event_count"": 2}",sp-dd0f62a573,,Aramark,ev_0662e1683034e326 ev_121321515d6dd7e1 ev_2ef8f5b5be238d64,2016-09-01,2016,evidence stops here; the end is unknown,,True,venue never matched the spine — not mappable
University of Chicago,other,,,,,Aramark,,,2016-09-01,month,ended,lost_bid,|University Wire; Carlsbad | 2016-10-26,,"{""needs_review"": true, ""review_reasons"": [""run ends with no award ever reported \u2014 start unknown"", ""start_date unknown"", ""venue never matched the spine \u2014 not mappable""], ""known_through"": ""2016-09-01"", ""event_count"": 1}",sp-f937662379,,Aramark,ev_09c088f6f5d38aaf,2016-09-01,2016,reported end,,True,run ends with no award ever reported — start unknown; start_date unknown; venue never matched the spine — not mappable
University of Chicago,other,,,,,Compass,2016-09-01,month,,,unknown,,|University Wire; Carlsbad | 2016-10-26,,"{""needs_review"": true, ""review_reasons"": [""venue never matched the spine \u2014 not mappable""], ""known_through"": ""2016-09-01"", ""event_count"": 1, ""sub_brands"": [""Bon App\u00e9tit""]}",sp-9c94113394,,Compass,ev_002f8e6005d37fe7,2016-09-01,2016,evidence stops here; the end is unknown,,True,venue never matched the spine — not mappable
University of Maine at Farmington,other,,,,,Aramark,,,,,unknown,,"|TCA Regional News; Chicago | 2016-08-26; |Sun Journal; Lewiston, Me. | 2016-08-25",,"{""needs_review"": true, ""review_reasons"": [""2 undated event(s) could not be placed on the timeline"", ""start_date unknown"", ""venue never matched the spine \u2014 not mappable""], ""known_through"": null, ""event_count"": 2}",sp-63a5025d7e,,Aramark,ev_d03915d04fee81c9 ev_6ecda175813bf0b8,,,evidence stops here; the end is unknown,,True,2 undated event(s) could not be placed on the timeline; start_date unknown; venue never matched the spine — not mappable
University of Maine at Farmington,other,,,,,Sodexo,,,,,unknown,,"|TCA Regional News; Chicago | 2016-08-26; |Sun Journal; Lewiston, Me. | 2016-08-25",,"{""needs_review"": true, ""review_reasons"": [""2 undated event(s) could not be placed on the timeline"", ""start_date unknown"", ""venue never matched the spine \u2014 not mappable""], ""known_through"": null, ""event_count"": 2}",sp-466064802c,,Sodexo,ev_10286f439ee953e2 ev_53f3724bb634c03f,,,evidence stops here; the end is unknown,,True,2 undated event(s) could not be placed on the timeline; start_date unknown; venue never matched the spine — not mappable
University of Maine System,other,,,,,Aramark,,,2016-01-01,year,ended,lost_bid,"|Portland Press Herald; Portland, Me. | 2016-10-23",,"{""needs_review"": true, ""review_reasons"": [""run ends with no award ever reported \u2014 start unknown"", ""start_date unknown"", ""venue never matched the spine \u2014 not mappable""], ""known_through"": ""2016-01-01"", ""event_count"": 1}",sp-5f97fcec32,,Aramark,ev_a6774d5494232339 ev_2965784eba04f957,2016-01-01,2016,reported end,,True,run ends with no award ever reported — start unknown; start_date unknown; venue never matched the spine — not mappable
University of Maine System,other,,,,,Sodexo,2016-01-01,year,,,unknown,,"|Portland Press Herald; Portland, Me. | 2016-10-23",,"{""needs_review"": true, ""review_reasons"": [""venue never matched the spine \u2014 not mappable""], ""known_through"": ""2016-01-01"", ""event_count"": 1}",sp-336ee271ac,,Sodexo,ev_e3f304b01ecabdf4 ev_c879640f6f86d456,2016-01-01,2016,evidence stops here; the end is unknown,,True,venue never matched the spine — not mappable
University of New Orleans,other,,,,,Aramark,1999-01-01,approx,,,unknown,,|University Wire; Carlsbad | 2016-09-21,,"{""needs_review"": true, ""review_reasons"": [""2 undated event(s) could not be placed on the timeline"", ""venue never matched the spine \u2014 not mappable""], ""known_through"": ""1999-01-01"", ""event_count"": 3}",sp-a2c0a068a7,,Aramark,ev_5b4b0c0b369d9003 ev_f2781fa189f4adde ev_1e45b1926c0664cd,1999-01-01,1999,evidence stops here; the end is unknown,,True,2 undated event(s) could not be placed on the timeline; venue never matched the spine — not mappable
University of Toledo,other,,,,,Aramark,,,,,unknown,,"|The Blade; Toledo, Ohio | 2016-09-17; |TCA Regional News; Chicago | 2016-09-17; |US Fed News Service, Including US State News; Washington, D.C. | 2016-09-25",,"{""needs_review"": true, ""review_reasons"": [""renewal with no award ever reported \u2014 start unknown"", ""start_date unknown"", ""venue never matched the spine \u2014 not mappable""], ""known_through"": ""2016-09-12"", ""event_count"": 1}",sp-0f1a1f4f84,,Aramark,ev_398b7470a11e4d88 ev_27d4954e8c27323d ev_93466f08afeb4b74,2016-09-12,2016,evidence stops here; the end is unknown,,True,renewal with no award ever reported — start unknown; start_date unknown; venue never matched the spine — not mappable
University of Toronto,other,,,,,Aramark,,,2016-01-01,month,ended,lost_bid,|Maclean's; Toronto | 2016-11-07,,"{""needs_review"": true, ""review_reasons"": [""run ends with no award ever reported \u2014 start unknown"", ""start_date unknown"", ""overlaps another operator at this venue (prime vs sub-contract, or a bad pairing)"", ""venue never matched the spine \u2014 not mappable""], ""known_through"": ""2016-01-01"", ""overlaps_with"": [""University of Toronto""], ""event_count"": 1}",sp-c915fdc455,,Aramark,ev_f587c1b0c7582dbc ev_2c9adfc73a07f5c3,2016-01-01,2016,reported end,,True,"run ends with no award ever reported — start unknown; start_date unknown; overlaps another operator at this venue (prime vs sub-contract, or a bad pairing); venue never matched the spine — not mappable"
University of Toronto,other,,,,,University of Toronto,,,2016-01-01,month,ended,self_op_conversion,|Maclean's; Toronto | 2016-11-07,,"{""needs_review"": true, ""review_reasons"": [""run ends with no award ever reported \u2014 start unknown"", ""start_date unknown"", ""overlaps another operator at this venue (prime vs sub-contract, or a bad pairing)"", ""venue never matched the spine \u2014 not mappable""], ""known_through"": ""2016-01-01"", ""overlaps_with"": [""Aramark""], ""event_count"": 1}",sp-baaa5a1d9c,,University of Toronto,ev_3d844a0a15b3ac55 ev_0d84f3aac24baa25,2016-01-01,2016,reported end,,True,"run ends with no award ever reported — start unknown; start_date unknown; overlaps another operator at this venue (prime vs sub-contract, or a bad pairing); venue never matched the spine — not mappable"
USCG Academy,other,,,,,Aramark,2016-09-15,exact,,,unknown,,"|Targeted News Service; Washington, D.C. | 2016-09-15",,"{""needs_review"": true, ""review_reasons"": [""venue never matched the spine \u2014 not mappable""], ""known_through"": ""2016-09-15"", ""event_count"": 1}",sp-4f2dacdf27,,Aramark,ev_297eec1ddc041a95,2016-09-15,2016,evidence stops here; the end is unknown,,True,venue never matched the spine — not mappable
Vassar,other,,,,,Aramark,,,2017-09-01,month,ended,lost_bid,|University Wire; Carlsbad | 2016-10-26,,"{""needs_review"": true, ""review_reasons"": [""run ends with no award ever reported \u2014 start unknown"", ""start_date unknown"", ""venue never matched the spine \u2014 not mappable""], ""known_through"": ""2017-09-01"", ""event_count"": 1}",sp-43d5b1ead7,,Aramark,ev_7014048379e7d06f,2017-09-01,2017,reported end,,True,run ends with no award ever reported — start unknown; start_date unknown; venue never matched the spine — not mappable
Vassar,other,,,,,Compass,2017-09-01,month,,,unknown,,|University Wire; Carlsbad | 2016-10-26,,"{""needs_review"": true, ""review_reasons"": [""venue never matched the spine \u2014 not mappable""], ""known_through"": ""2017-09-01"", ""event_count"": 1, ""sub_brands"": [""Bon App\u00e9tit""]}",sp-6c383b6eb2,,Compass,ev_01152f2742c53669,2017-09-01,2017,evidence stops here; the end is unknown,,True,venue never matched the spine — not mappable
Ville Grill,other,,,,,Sodexo,,,2016-08-01,approx,ended,lost_bid,|University Wire; Carlsbad | 2016-09-03,,"{""needs_review"": true, ""review_reasons"": [""run ends with no award ever reported \u2014 start unknown"", ""start_date unknown"", ""venue never matched the spine \u2014 not mappable""], ""known_through"": ""2016-08-01"", ""event_count"": 1}",sp-1e382aabbc,,Sodexo,ev_19612d8dd1f9846d ev_cc41f3a8a5c4d46c,2016-08-01,2016,reported end,,True,run ends with no award ever reported — start unknown; start_date unknown; venue never matched the spine — not mappable
Yosemite National Park,other,,,,,Aramark,,,,,unknown,,|Fair Disclosure Wire; Linthicum | 2016-08-10,,"{""needs_review"": true, ""review_reasons"": [""1 undated event(s) could not be placed on the timeline"", ""start_date unknown"", ""venue never matched the spine \u2014 not mappable""], ""known_through"": null, ""event_count"": 1}",sp-8e2acc5ed1,,Aramark,ev_63e00132b530584f,,,evidence stops here; the end is unknown,,True,1 undated event(s) could not be placed on the timeline; start_date unknown; venue never matched the spine — not mappable
Nissan Stadium,stadium,Nashville-Davidson metropolitan government (balance),TN,36.166388888,-86.771388888,Aramark,,,,,unknown,,"|The Tennessean; Nashville, Tenn. | 2016-10-02",,"{""needs_review"": true, ""review_reasons"": [""presence only (initiative) \u2014 operator was here, but no award was reported"", ""start_date unknown""], ""known_through"": ""2016-10-02"", ""event_count"": 1}",sp-095465ccbb,wd-Q1142992,Aramark,ev_824bd8c89d30a04b,2016-10-02,2016,evidence stops here; the end is unknown,,True,"presence only (initiative) — operator was here, but no award was reported; start_date unknown"
Veterans Stadium,stadium,Philadelphia,PA,39.906666666,-75.171111111,Harry M. Stevens,1997-01-01,approx,,,unknown,,|TCA Regional News; Chicago | 2016-07-30,,"{""needs_review"": false, ""review_reasons"": [], ""known_through"": ""1997-01-01"", ""event_count"": 1}",sp-c601bbb5ff,wd-Q1545870,Harry M. Stevens,ev_3eccefa12c893476,1997-01-01,1997,evidence stops here; the end is unknown,,False,
University of Minnesota,other,Minneapolis,MN,44.975,-93.235277777,Aramark,1998-01-01,year,,,unknown,,|University Wire; Carlsbad | 2017-01-19,,"{""needs_review"": false, ""review_reasons"": [], ""known_through"": ""1998-01-01"", ""event_count"": 1}",sp-631b2748ad,wd-Q238101,Aramark,ev_71d0143d9b28035d,1998-01-01,1998,evidence stops here; the end is unknown,,False,
Gies Memorial Stadium,stadium,Champaign,IL,40.099166666,-88.235833333,Sodexo,2015-01-01,year,,,unknown,,"|News Gazette; Champaign, Ill. | 2016-08-07",,"{""needs_review"": false, ""review_reasons"": [], ""known_through"": ""2015-01-01"", ""event_count"": 1}",sp-7f38b67e46,wd-Q3305514,Sodexo,ev_f3c41c9f6493897d,2015-01-01,2015,evidence stops here; the end is unknown,,False,
Drexel University,other,Philadelphia,PA,39.956441,-75.188686,Aramark,2016-01-01,approx,,,unknown,,"|Fair Disclosure Wire; Linthicum | 2016-11-15; |Philadelphia Daily News; Philadelphia, Pa. | 2016-11-03; |Philadelphia Daily News (1960-); Philadelphia, Pennsylvania | 2016-11-03; |Philadelphia Inquirer (1969-); Philadelphia | 2016-11-16; |Philadelphia Inquirer; Philadelphia, Pa. | 2016-11-01; |TCA Regional News; Chicago | 2016-10-31; |University Wire; Carlsbad | 2016-10-28; |Philadelphia Inquirer (1969-); Philadelphia | 2016-11-01",,"{""needs_review"": true, ""review_reasons"": [""re-awarded with no reported end to the previous run"", ""1 undated event(s) could not be placed on the timeline"", ""overlaps another operator at this venue (prime vs sub-contract, or a bad pairing)""], ""known_through"": ""2016-12-11"", ""overlaps_with"": [""Sodexo""], ""event_count"": 3}",sp-ea85b29ed0,wd-Q603034,Aramark,ev_151d52e651c23ef4 ev_5655db073e1031e4 ev_64efa60cf7877d3b ev_92a4f6990b5e30cd ev_9f9a1c4748b3765e ev_1576b0f6277181e2 ev_cbf723b1238b2101 ev_110022717d7259bb ev_4457e59042ed8132 ev_385a03569145ac3a ev_4605d693ee6f70b1,2016-12-11,2016,evidence stops here; the end is unknown,,True,"re-awarded with no reported end to the previous run; 1 undated event(s) could not be placed on the timeline; overlaps another operator at this venue (prime vs sub-contract, or a bad pairing)"
Drexel University,other,Philadelphia,PA,39.956441,-75.188686,Sodexo,2015-05-21,exact,2016-09-20,exact,ended,lost_bid,"|Food Management; Cleveland | 2016-10-20; |The Daily Record; Baltimore, Md. | 2016-10-10; |Philadelphia Inquirer (1969-); Philadelphia | 2016-10-11; |University Wire; Carlsbad | 2016-10-28",,"{""needs_review"": true, ""review_reasons"": [""overlaps another operator at this venue (prime vs sub-contract, or a bad pairing)""], ""known_through"": ""2016-09-20"", ""overlaps_with"": [""Aramark""], ""event_count"": 2, ""sub_brands"": [""SodexoMAGIC"", ""SodexoMagic""]}",sp-9b292eb880,wd-Q603034,Sodexo,ev_54bf40d031fa7244 ev_33650d0abe13f0c7 ev_f5bcd4d07bfd25e2 ev_27cf5d4cc3acfdd0 ev_5ff1a8e1a957888c,2016-09-20,2016,reported end,,True,"overlaps another operator at this venue (prime vs sub-contract, or a bad pairing)"
Drexel University,other,Philadelphia,PA,39.956441,-75.188686,Sodexo,,,2016-12-10,exact,ended,other,|Food Management; Cleveland | 2016-10-20; |University Wire; Carlsbad | 2016-10-21; |University Wire; Carlsbad | 2016-10-06; |Philadelphia Inquirer (1969-); Philadelphia | 2016-10-11,contract expired; no cause reported,"{""needs_review"": true, ""review_reasons"": [""presence only (violation) \u2014 operator was here, but no award was reported"", ""start_date unknown"", ""overlaps another operator at this venue (prime vs sub-contract, or a bad pairing)""], ""known_through"": ""2016-12-10"", ""overlaps_with"": [""Aramark""], ""event_count"": 2, ""sub_brands"": [""SodexoMAGIC"", ""SodexoMagic""]}",sp-6dbbf8e581,wd-Q603034,Sodexo,ev_a37bafd56fdad641 ev_66dd1c7bd79cd51c ev_b65daccf305ed6ec ev_9b69752e4110e409 ev_cc8ebaa2e87c3f73,2016-12-10,2016,reported end,,True,"presence only (violation) — operator was here, but no award was reported; start_date unknown; overlaps another operator at this venue (prime vs sub-contract, or a bad pairing)"
Drexel University,other,Philadelphia,PA,39.956441,-75.188686,Sodexo,,,2016-12-10,exact,ended,lost_bid,"|University Wire; Carlsbad | 2016-10-25; |Philadelphia Inquirer; Philadelphia, Pa. | 2016-11-01; |TCA Regional News; Chicago | 2016-10-31; |Philadelphia Inquirer (1969-); Philadelphia | 2016-11-01",,"{""needs_review"": true, ""review_reasons"": [""run ends with no award ever reported \u2014 start unknown"", ""start_date unknown"", ""overlaps another operator at this venue (prime vs sub-contract, or a bad pairing)""], ""known_through"": ""2016-12-10"", ""overlaps_with"": [""Aramark""], ""event_count"": 1}",sp-bfa4169a44,wd-Q603034,Sodexo,ev_eb06480d77146771 ev_a7cc8b521b277db2 ev_6beccbcecdd23ea5 ev_f6b5a2138034d929 ev_9d6297b9090ee992 ev_f72357eb884f8243,2016-12-10,2016,reported end,,True,"run ends with no award ever reported — start unknown; start_date unknown; overlaps another operator at this venue (prime vs sub-contract, or a bad pairing)"
"Maverick Stadium,Texas",stadium,Arlington,TX,32.729166666,-97.126666666,Aramark,,,2016-06-06,approx,ended,lost_bid,|University Wire; Carlsbad | 2016-08-22,,"{""needs_review"": true, ""review_reasons"": [""run ends with no award ever reported \u2014 start unknown"", ""start_date unknown""], ""known_through"": ""2016-06-06"", ""event_count"": 1}",sp-7ae49c0f41,wd-Q6794182,Aramark,ev_e1e02178446ca129,2016-06-06,2016,reported end,,True,run ends with no award ever reported — start unknown; start_date unknown
"Maverick Stadium,Texas",stadium,Arlington,TX,32.729166666,-97.126666666,Compass,2016-06-06,approx,,,unknown,,|University Wire; Carlsbad | 2016-08-22,,"{""needs_review"": false, ""review_reasons"": [], ""known_through"": ""2016-06-06"", ""event_count"": 1, ""sub_brands"": [""Chartwells""]}",sp-61079a2a54,wd-Q6794182,Compass,ev_3f56dfa6a6530881,2016-06-06,2016,evidence stops here; the end is unknown,,False,
U.S. Bank Stadium,stadium,Minneapolis,MN,44.973889,-93.258056,Aramark,2016-01-01,year,,,unknown,,"|Fair Disclosure Wire; Linthicum | 2016-11-15; |Star Tribune; Minneapolis, Minn. | 2016-11-03; |Star Tribune (1987-); Minneapolis | 2016-11-03; |Star Tribune; Minneapolis, Minn. | 2016-11-02; |TCA Regional News; Chicago | 2016-11-02; |TCA Regional News; Chicago | 2016-11-03",,"{""needs_review"": true, ""review_reasons"": [""3 undated event(s) could not be placed on the timeline""], ""known_through"": ""2016-01-01"", ""event_count"": 4}",sp-ee1e3bbdb9,wd-Q7929512,Aramark,ev_556e2b87ec155c0b ev_afcf646fb820ea39 ev_0e17dc4174d54b02 ev_30169bf1e95fb9e4 ev_1d9b218f0ccdcaa8 ev_a4f21430519ab961 ev_0d78ee36e0ac1ed1,2016-01-01,2016,evidence stops here; the end is unknown,,True,3 undated event(s) could not be placed on the timeline
